Day,Temperature,Humidity,RawMaterialQuality,MachineAge,MaintenanceHours,TrainingHours,EmployeeExperience,ShiftType,ProductionVolume,DefectRate,OvertimeHours,EnergyPrice,EnergyConsumption,Demand,MaterialCost,SupplierDelay,ProductionTime,Downtime,OperatingCost
0,72.48357076505616,36.09604292632876,81.65297359439315,5.0,7.145956095532023,0.3702658576772393,5.195144112202044,0,992.630451920874,0.8652590724793673,2.4416425976260956,0.13315490803265514,391.19437833561216,978.6557129069791,3.950595342876504,0,1.5758197027626786,0.5800691497827577,1946.0898211513334
1,69.30867849414408,49.107119659073,92.71680096189968,5.003861003861004,9.739328000821732,1.0838018947567163,5.259878170496776,0,1100.0,1.2613847098884512,4.246452437576311,0.28913962940005644,294.7498169344546,1149.0726136849953,2.9696695930926897,3,1.5301059160196242,0.18454234250756568,1591.9052087815298
2,73.23844269050346,20.0,86.68688120527077,5.007722007722008,3.4511939578960598,1.7458916717528166,5.479149158204367,1,1032.5026745620878,0.0,3.424080568035785,0.26999507429613234,283.0185224481345,1014.8667457202112,2.645796616544769,0,1.7036018430641873,0.17876039267238658,-337.53882558031364
3,77.61514928204012,34.63418537998565,92.8529933429658,5.011583011583012,2.2726598284414856,1.4644497728191224,5.250380858751184,0,989.8731781025293,0.0,4.504726980343477,0.23380446746582165,238.8595813379228,966.2914028881961,2.2431428036935865,4,1.4893895515049425,7.066430733208865,-390.597542169618
4,68.82923312638331,46.2114777291026,86.18370421728741,5.015444015444015,5.653969237541798,1.6131222957228994,5.438706056791962,1,950.130087554272,1.4562008033770502,0.8695401291137823,0.19245911220012143,200.0,938.659733645906,2.0984301618720274,0,1.6524040769988881,1.7677118362894988,1006.8544724536488
5,68.8293152152541,31.283252270527257,80.9755894966774,5.019305019305019,6.501040068167344,1.3175667334214347,5.152882087363535,1,974.1973984237534,0.0,2.950861365053247,0.1823531083169017,371.1178158837861,969.7530313511871,2.2079320284972552,1,1.703874025925943,1.3165918745041594,1431.312087886075
6,77.89606407753696,74.48616955897452,81.86228781058419,5.023166023166024,4.607765321808532,1.384553129035705,5.256975656362139,0,946.0309559835434,1.229770439971826,0.0,0.23019469343019083,200.0,961.1823181458772,3.1335633255057416,0,1.5128876270071376,4.163415104154582,1878.8976149088878
7,73.83717364576455,28.54787933059051,90.24042473330691,5.027027027027027,7.98760240772315,1.6983913031306386,5.585558856553622,0,1008.7525842584164,0.022796802496387908,0.8487878757220252,0.20908637388138107,201.00675317853532,1017.0416222375487,3.254362511614967,0,1.4379119712259187,4.517069997202424,1580.2743833140291
8,67.65262807032524,43.39933269954524,91.2986125086074,5.030888030888031,2.415452493217595,0.4993360177183719,5.228380821180595,0,1042.1125707379913,1.0530879411715963,4.559037339520318,0.11245462117637713,200.0,1016.0573981049864,2.2094046489839334,1,1.5167088208622448,1.009382810157219,569.804807471469
9,72.71280021792982,51.96110865929137,85.47841687447796,5.0347490347490345,6.490084350310326,0.978849927286281,5.336200734364381,1,1032.3943415473173,1.0762529105652938,0.0,0.20250052975406635,341.8927620354598,1000.3046020153414,3.447519157038058,2,1.6922370475587625,2.957306942915872,1432.0752676201528
10,67.68291153593769,71.61909933599173,93.19296229388686,5.038610038610039,3.90410847431233,0.44241888363920445,5.03602805077884,0,1039.3076307867489,1.29214648438297,1.0054896149816293,0.2612807234465679,280.99224772757793,1043.693816974635,2.7584694741582805,0,1.4046096221061304,3.686424332648155,1681.4475643214835
11,67.67135123214871,28.46206773230841,81.6923996886552,5.042471042471043,8.56616893982772,1.975336015993294,5.58782966918379,1,1100.0,0.2516583032552014,0.0,0.1918479755193916,334.7626513919864,1119.064627478634,3.0733965059927746,0,1.656980749461025,2.657997180868051,2027.0166469663905
12,71.20981135783018,67.4474562823244,89.66960100676341,5.046332046332046,9.124026845332375,1.8881186793732265,5.566075349902911,1,1083.061398732758,1.0517890026561965,2.068670392953584,0.11039131551085368,268.9489261591421,1094.9554135441324,3.806110314127712,2,1.6793197233289177,0.4109931275701233,1045.7275395837405
13,60.43359877671101,50.1534959152938,83.94491900118771,5.05019305019305,3.6172659750124536,0.0788536227370118,4.90781961790185,0,874.1804147014856,0.904776254694313,5.25833272980189,0.2572556398768066,200.0,851.5102031550097,3.448419657932766,1,1.5943843828670095,5.21632820685487,1826.4146431918698
14,61.375410837434835,35.27737023428074,86.7408194609892,5.054054054054054,4.063047890345003,1.411150345031377,5.573684933686128,0,762.1879262435855,0.0,6.836435933215892,0.1402727564271949,259.93610334123116,744.6078865098045,2.865734676047084,4,1.527827656226688,1.9364059014273094,902.0271144728086
15,67.18856235379513,56.93155211394906,90.23699335658208,5.057915057915058,6.892920947704778,1.8504966348313316,5.642885219506967,0,1100.0,0.5549029667519312,1.6522400711820548,0.15172416697760777,271.9111112574308,1093.4319911239274,2.5544038872923562,2,1.4332259215450054,0.8298597548511093,905.7605944229501
16,64.93584439832789,52.98589543360205,85.69793317358024,5.061776061776062,4.411066885749156,0.36115069025466706,5.086248789693434,0,846.4902648784014,0.7962791669948474,7.604124542030636,0.13294127068645917,278.471291587844,863.3121301584579,2.0,4,1.5243018144708818,1.3844554029694203,1286.63358608014
17,71.57123666297637,40.99674684261808,88.07722227885087,5.065637065637065,5.10608876104672,1.135890461105259,5.343455722231031,0,973.3206620892379,0.0,8.135812676327104,0.16604301297429952,215.64666847903484,977.5234598107317,2.64042334037879,2,1.4226348005530818,0.09573768925675569,1981.5745729777027
18,65.45987962239394,51.04703127485028,95.0314640460722,5.06949806949807,5.25927104957903,1.8309765951760837,5.57013125934758,0,892.6518104249251,0.6239433162298444,0.0,0.251350301137727,290.0196308268961,882.988697394064,2.894434880586153,0,1.5541345526943537,0.34203278961666,708.0416696670019
19,62.93848149332354,44.220296047073596,87.11554065238425,5.073359073359073,1.3807309076819076,0.06789195717159768,4.81619410030905,1,831.2249026351589,0.282062457871462,0.0,0.20387717190078747,369.5063764907804,819.801956241998,2.506410236424408,0,1.676443767409106,3.626247683780351,619.9911424589977
20,77.32824384460777,51.70276017876872,94.1784605603257,5.077220077220077,5.203984739471757,1.3948405344936798,5.393734422096045,1,1053.983456804863,1.3452514433142926,6.994863366359253,0.1409762548301425,400.0,1054.1462728204788,2.9343715164538478,2,1.6953181905630414,2.908705762608081e-05,902.5548831875722
21,68.87111849756732,59.9319601178157,84.35146572671191,5.081081081081081,3.8637876951148944,0.5946980147451015,5.1102109796237505,1,1059.6420712513313,1.697439351607661,5.7154046870754645,0.27556601563040817,335.7325961107787,1075.9155160302646,3.038425941479384,1,1.7662898323771095,1.3470591255331776,1666.7863932626626
22,70.33764102343962,73.79025224218029,92.64902088957642,5.084942084942085,4.268580610026712,1.8487923907530608,5.454475716236427,0,964.2598576908756,0.9278243649147988,0.0,0.27591637099030586,294.668791116452,942.348959927328,2.887572009095961,0,1.4356418215707876,1.8480311023346827,1264.896447290153
23,62.87625906893272,31.432767517597263,97.2078431032895,5.088803088803089,8.153673273346895,1.9421164903307355,5.5545249178106255,1,759.4269297004315,0.0,0.0,0.27411568500920136,232.69818701636254,740.8957707855091,2.6749987095882704,0,1.6301440907443503,0.1404589228912423,1027.4660274148273
24,67.27808637737408,81.995500619844,77.64177749936356,5.0926640926640925,2.764978489433765,1.8885329782268678,5.746328546153013,1,934.105680800099,1.6700556858038524,12.191687003618318,0.14775924227630785,312.759436083498,945.3755551747518,3.084327335983364,4,1.6708200336826997,9.037043840696938,1769.1468281663892
25,70.55461294854933,20.718683007162472,86.01552372264761,5.096525096525096,6.915985663071243,0.9484284333149275,5.34861281612118,1,1069.911972621267,0.0,5.188884783498393,0.1902478688361976,344.36355797098844,1039.1804005402546,3.2209703247847044,1,1.7519189425509658,0.640863362957782,1189.3830408941476
26,64.24503211288848,47.72322357446625,92.8853606359027,5.100386100386101,4.743232440494685,1.7240853019786269,5.460107691615308,1,879.4334356346604,0.4715019865299969,1.357893975524466,0.29699793122817497,273.91031823279263,852.1088431225871,2.4548004612785768,0,1.6240326962261578,0.9067279403354255,1457.005410673229
27,71.87849009172837,58.82475809726865,88.98477306978504,5.104247104247104,4.7532209757496435,1.6890987970701408,5.563987917256658,1,1026.7652138747026,0.4059062470785637,0.0,0.2544024952619981,336.98914392388826,1018.3359919779156,3.705466189873135,0,1.5583922200944715,0.9058075618098965,1016.6205956200131
28,66.99680655040598,54.21487801602549,91.85572936685655,5.108108108108108,6.9050681164277465,0.6382009464865113,5.331395827604553,0,1003.3698569861295,0.024024085674870466,0.0,0.10543348424511197,222.85538392999183,998.4690150827005,2.950705933857869,0,1.4774420570795501,0.6547650755634866,1297.2898182290246
29,68.54153125103362,40.659507202691096,86.9800740664209,5.1119691119691115,6.016009925045116,1.6578309483013547,5.589812652781683,0,1075.2501053663573,0.5915393467024492,0.0,0.11304091825209842,245.07663992059312,1057.9291499601088,3.009424811472424,0,1.527587039995546,0.003687273075962645,680.191084555402
30,66.99146693885301,46.87816624464087,90.4329489373645,5.115830115830116,6.48871634192941,0.07401526943098524,5.028167617821313,1,995.0090199086197,0.7124508007028416,0.6617026092311555,0.19278627536246656,228.66298717782297,1011.9580368414154,3.3541072116282784,0,1.7600130874869415,3.2672739276867184,2075.6699626839377
31,79.26139092254469,42.604985980117505,89.2216138230396,5.11969111969112,7.2954426801390815,1.192539756964106,5.293068249318675,1,905.9392423773422,0.0,2.902002876262672,0.281844041172312,200.0,902.6931059118444,3.116608065631751,0,1.67684193189573,8.516442047256872,2427.2928282597327
32,69.93251387631032,41.15952864583683,95.83891030829903,5.123552123552123,4.708039604289724,0.4600176745754061,5.207827633733981,1,1078.9364362353897,0.565685368590424,5.758834082274806,0.20774035959054282,252.113740587352,1119.6571501664491,3.4765683169566226,2,1.6794286696441998,0.6349525761105275,545.937472125431
33,64.71144535522049,62.744031455315366,91.27210421650607,5.127413127413128,4.157765913223883,0.24113377155455762,5.111688670008542,0,1002.7753363502788,0.5410899947466739,0.0,0.19956250160685804,324.85779948237285,984.147042697303,3.143562082600912,0,1.5576950367127873,2.719530983651468,1183.5738869530344
34,74.11272456051594,55.35523228947571,91.68801331037601,5.1312741312741315,3.223521340706798,0.1539064032584183,5.1356912429802986,0,967.3928890430676,0.7534793214957417,6.752992900039075,0.12109473999132613,211.3915253775182,997.2695460490069,2.693781312679781,2,1.406512915015229,3.38598485320156,556.9192430747862
35,63.89578175014489,39.60635607109019,87.94061516938767,5.135135135135135,3.754584345447495,1.3925775517562795,5.48129044569508,1,941.1053321662358,0.6395503850511803,6.6262642800263105,0.2313560209448588,356.935980973492,906.6732040926804,3.180751762603051,3,1.6805739612408495,4.716693070092587,1038.7028193643457
36,71.04431797502377,63.493998131498756,87.56196887963753,5.138996138996139,11.315177267605867,0.6797499275361323,5.308880249792773,0,952.0212543669709,0.9367742840003555,1.3741315917178325,0.2644206321200451,289.9136021425854,955.671774880849,2.428136896339669,0,1.509521194496253,1.373176448468064,2485.988740444617
37,60.201649380601125,54.60949281314914,87.8372090609019,5.142857142857143,7.917930590045003,1.449533543057523,5.3813365417612,0,910.7623467691905,0.9089110592470033,4.933081718557206,0.17608400150151246,200.0,911.51972859731,3.0542798528882615,1,1.5224609360642518,0.9021768551483731,1787.8095532053244
38,63.359069755507846,62.1929317825844,91.97226071189148,5.146718146718147,2.738005707738398,0.13071268159788474,5.170953211042797,1,971.8306823121144,0.5681279172959166,0.0,0.25512237018506545,378.7613682450813,982.7053940076577,2.9833850046777695,0,1.6745096653404559,0.9836997982865885,-89.42977727936989
39,70.98430617934562,59.44443262885419,87.89507759589868,5.1505791505791505,2.806821538250311,0.6305806756612207,5.208934163167606,0,1100.0,0.7271981352336033,5.9283488425870745,0.2928953307801623,397.34653238560105,1171.1708480142343,2.89594157136373,3,1.501722050585292,3.117386339981058,1677.3168251249517
40,73.69233289997705,37.56507483616892,91.44887428448206,5.154440154440154,6.427052586757445,1.0789825847506744,5.531220862687729,0,895.7639387280321,0.0,0.0,0.1407532918255378,200.0,862.8098857068644,2.9357312442805346,0,1.3755836323293504,4.2426618765751325,1450.655064799284
41,70.85684140594985,41.597284397045456,100.0,5.158301158301159,6.56943306965941,1.581446329677927,5.405515117094421,1,792.2885147133694,0.0,0.0,0.20466592623894825,291.9126192489845,838.6438602123259,2.0590754772511803,1,1.6670875793833075,0.5010528291040995,250.93477860937816
42,69.4217585880588,61.20940407684893,94.35562351715846,5.162162162162162,6.584254157121215,0.6375050058641398,5.364847882075766,0,1100.0,0.6607825704044075,2.6934199552098397,0.1574275916169151,263.2593103662206,1147.1170327493608,2.7256375461295193,1,1.5226754356277235,1.158825599916951,516.4719699134068
43,68.49448152205356,59.155553981501974,88.3698823391608,5.166023166023166,4.988157910962102,1.2517827528740182,5.3953259042084705,0,989.6986098769901,0.03295982322997004,5.023113103168847,0.25857088380676785,294.20026851212083,979.0676322848134,3.0464224505705575,0,1.450885298287266,5.805444372942582,1406.9383771782882
44,62.60739004816286,49.68647609053778,96.00606961081972,5.1698841698841695,5.2587439896467085,1.7719554964723743,5.466444848580267,1,913.3046561303934,0.12489601692868663,0.0,0.2155186731762315,212.72784658688954,933.0927261340083,3.0799281959987,0,1.7029492110794797,4.108695921823427,869.0324886625262
45,66.40077895802645,51.75991074963173,87.95962313489224,5.173745173745174,6.176994569554237,1.2317263763646091,5.32112932950395,0,1086.0294580686739,0.45116711310627156,1.9354387779010593,0.22691648351006075,200.0,1103.9904687396076,2.486162429537021,1,1.522343625040135,10.0,2508.147325084936
46,67.69680614520107,69.16497343682637,79.80937732411073,5.177606177606178,5.704604545405194,0.46591894950726753,5.1077409540327485,0,973.9784665147768,1.1506717803748865,5.281085870149547,0.25958283192317877,261.21231060832645,939.4384460263136,3.6328539204323502,2,1.4828725399571117,3.5085835958001024,1796.6695568892628
47,75.28561113109458,41.12642916746255,84.95956844541298,5.181467181467181,1.1058007989064738,0.04880156311307604,5.057057063574114,1,1100.0,0.21385278318022732,0.2461564033123623,0.17919409453249097,364.2484439216657,1182.6009713546937,2.56691257589275,0,1.7085231885498284,1.248870307209161,-976.9643453952152
48,71.71809144784231,58.20646071755057,80.64604039487072,5.185328185328185,5.0963852948341675,1.7401977478018598,5.574342873144108,1,1050.8583675461723,0.9023909136990381,1.7737438949685191,0.28301801368140866,312.65878834977383,1067.7925871339269,3.4847286002633684,1,1.6518633717357694,2.232887558249895,1171.4588521500473
49,61.18479922318633,46.96711021349159,88.24243257979346,5.1891891891891895,3.8647546990469412,0.042538821700774276,4.955391646116374,1,973.5308314186464,0.6838854138519104,0.0,0.20660577344922798,231.6057836237955,951.2088591854297,3.2135971809358423,0,1.6896694360151976,2.7044930510323106,919.0320406356363
50,71.62041984697397,46.73478195159169,90.09209189594776,5.193050193050193,5.929573416967603,1.7494033453683988,5.522385544384421,0,1100.0,0.8374601576950569,4.465573485880327,0.1315909645670696,303.0496368363937,1200.0,2.6768863450780986,2,1.5305108084794612,0.2042613886370778,1386.6227195138406
51,68.07458859791842,66.48165277980786,98.38218656137641,5.196911196911197,11.56125159594041,1.057874268054424,5.531589316277514,1,925.6638977499348,0.5019232387425738,0.0,0.23917982363376047,337.46508798929455,939.4285076996662,3.887655446304756,0,1.7078486480484216,1.9658822158810263,1974.0414646908766
52,66.6153899984702,62.38124523482045,91.63463686882082,5.2007722007722,6.33727993326521,1.8781353970257924,5.736194936117808,0,1086.4503129251907,0.2371441919736248,1.6201565900428934,0.2586522700876509,315.976188325838,1074.2095372009308,2.40318158412176,3,1.4706734365218033,3.088837808392069,2082.1297282956834
53,73.05838144420434,62.20264454000958,88.90449735595568,5.204633204633205,4.986840241554819,1.5975664715473308,5.522902308431602,1,1014.7997282333507,0.36696718295962216,2.3891844410274614,0.16335233541350533,363.1532380565289,1029.9292580406493,3.459577086805001,0,1.7112108202145395,0.45776857578236174,-250.41919865521004
54,75.15499761247976,69.58218210731494,94.14702790591744,5.2084942084942085,7.46908562943713,1.995868221066675,5.602560814136822,0,1100.0,0.7609234445036356,1.9167716396840848,0.27143585139975057,281.2593087310063,1130.17412893988,3.500291159021489,0,1.535730489531831,3.7925082649352793,2665.4807817069036
55,74.65640059558099,50.31505762449139,78.94432345496057,5.212355212355212,6.602441411484062,0.7014236309034203,5.222430221942853,1,1100.0,0.5546046007272758,0.1033219537021596,0.2812286509531533,400.0,1156.1511196726854,2.6646898954616773,0,1.5975029360711261,2.191309917867357,1387.8792076605212
56,65.80391238388681,60.22929456942446,91.17807279054283,5.216216216216216,6.48883762955233,1.5343765778622538,5.521664770631718,1,1019.0738820264143,0.39831934817314857,0.45814937641140513,0.15538089747556177,252.942113827218,1003.2004149065766,3.6962326500321643,0,1.7579537032477948,7.602963777776285,2481.953820930738
57,68.45393812074393,45.34599865109816,93.85432596943484,5.22007722007722,6.873932846663003,0.8038618272184843,5.138879291645705,1,933.175592966632,0.0,4.148636025431123,0.29670429454304437,352.43262842870723,924.6582129653816,2.8749767427005235,1,1.6831872630659463,0.10837102630528125,1079.0281065891095
58,71.65631715701782,54.86249528732663,82.60706877110078,5.223938223938224,9.784901801473755,0.9597512406078177,5.2621877184400105,1,1083.9634530223623,0.5656730694606892,0.4486793135561652,0.12814230560975168,400.0,1045.9972142939116,3.1443468146399285,0,1.7212744966620115,0.7708215070235951,2382.337269983196
59,74.8777256356118,48.047854184484734,95.71877021603464,5.227799227799228,3.4216208127458514,1.2550109264367402,5.209644870543263,0,934.1765587270296,0.41777353127083483,5.808035109522629,0.140403133680498,326.476014896447,932.2284630247893,3.1301609193856104,2,1.5598623461822614,2.3004574879056094,580.0610921413289
60,67.60412881077355,51.45493947489077,91.69248203747208,5.231660231660232,6.642244848603605,1.7473542283726775,5.564128580772332,1,1100.0,0.8073132764150639,0.0,0.13684496784760522,340.7395162770244,1200.0,2.932845629264726,0,1.6314163151384766,0.879431422761588,659.6750169236657
61,69.07170511668092,58.9273553815537,87.923560430496,5.235521235521236,3.85380144660063,1.9681669383985902,5.6551696754898515,1,1029.2841619283768,0.5306379262825305,2.623967477147893,0.27879794200157404,297.39861753343047,1013.6535331082738,3.4054041365798913,0,1.6645279498786225,3.1331191504718974,1749.0678513265439
62,64.46832512996986,37.726689751497915,93.16390933053142,5.239382239382239,6.829172010831215,1.5365468277290364,5.412645402088773,0,1009.1644916219861,0.0,0.6415714518653678,0.23085851046499237,377.5018776478518,963.4678448687891,3.3967443602761067,0,1.4855725652062148,3.5574506622746194,1347.8227243047488
63,64.01896687959665,81.3858091352819,100.0,5.243243243243243,3.89235670675754,0.8355335643346675,5.408058745629403,1,1002.3287885930214,0.7782251196348016,0.38810388721174804,0.13042085664445457,214.49610568138675,1018.4680305864908,2.1257340133809097,0,1.6608123239437784,0.27039986509648517,571.8163540841548
64,74.06262911197099,34.90973927750447,90.90933127529247,5.2471042471042475,4.906579114102573,0.8427140045541404,5.130237635066008,0,859.1850455217271,0.013385967631896492,0.0,0.1880646836736698,206.53286540293183,865.2873710470303,3.6521701214390765,0,1.5867468287918405,1.8031181088626895,1340.3086945871955
65,76.78120014285412,31.78717080818402,91.24110293150169,5.250965250965251,5.162715924419941,1.475164603177783,5.296111892932353,1,913.8409293681443,0.0,0.5739117086034174,0.22305960501396038,272.773667516255,902.8385961489348,2.168754005982163,0,1.6571613953086604,1.7777206874745388,132.87072884120573
66,69.63994939209833,67.37166310250102,87.70319550229878,5.254826254826255,7.716112203168183,0.47755429153660467,5.165711469316979,1,1100.0,1.353649889649655,0.0,0.11669281699787666,400.0,1120.0413907944426,3.5162731021708287,0,1.6722226610256565,1.152236190468142,2199.23494926818
67,75.01766448946012,61.87494040944404,85.75077815267605,5.258687258687258,7.612970663946603,0.22094822626278932,5.170994298140052,1,916.2621183005297,0.04829940326274462,0.0,0.27648327368146774,343.1568303203123,934.3105721028604,3.5633525684137917,0,1.7102194515801488,6.754854584417939,1838.991627115066
68,71.80818012523817,59.36179725578233,94.15167908272123,5.262548262548263,3.29621003475202,0.7092443152815531,5.3811660637302525,0,921.158672555373,0.5180054997928141,0.3692487433677578,0.260720707088307,201.0745794051745,895.308901731806,2.4545167848924008,1,1.4398925236961955,4.393486700320205,892.9236633335246
69,66.77440122697438,59.4251826389642,85.71958087045566,5.2664092664092665,5.909096021227497,0.5744779833081635,5.126454968705555,1,1100.0,1.018917531355684,0.0,0.20104135471532764,340.97139434495057,1053.6652752527286,2.7945928560227076,1,1.6802159644121868,2.9867843543709496,1702.0963949115558
70,71.80697802754207,49.81629840729628,90.35783118609696,5.27027027027027,4.3916511013124655,0.5926162409119802,5.285652955616723,1,1100.0,0.5792495866582014,4.249542806033923,0.2934253230518341,319.51646996547265,1118.5704154662997,2.447147665757032,0,1.7158726630625087,3.132265509563874,528.3183293926227
71,77.69018283232984,36.54118442771252,87.61171276617442,5.274131274131274,3.3053840010431523,0.4672155020998199,5.136313803679875,1,1055.2751065690302,1.4905181094981357,2.6626781239768063,0.18355219585501992,292.23731757973667,1071.8953310665067,2.8925394848556323,0,1.6833569797808743,1.5484231105731896,804.5210415119896
72,69.82086980445024,51.137068372905894,92.39489912873196,5.277992277992278,5.3999427331280945,0.08418637927272377,5.007993183787735,0,1068.7134515096034,0.6611140808964913,11.840735004288522,0.2968220638072996,397.833188212301,1099.6047685805815,2.8459828579071296,4,1.4953306570550027,6.345595189280094,2987.1021258173846
73,77.82321827907003,39.842574327318324,91.66831052643474,5.281853281853282,5.228594268648206,0.03574786946682762,5.099090354588715,0,930.3959232196872,0.0,0.0,0.2335839997607254,200.0,924.3204911430539,3.3898302661346698,1,1.4735333943775815,2.9652947833355228,1461.6465471297886
74,56.901274479551276,64.62679600126627,95.18769972128949,5.285714285714286,10.710575829833902,1.975444779472063,5.657865721682961,1,885.5397769085977,0.7873177620676618,2.142507499821785,0.2269342546507883,400.0,857.8189333258156,3.655154373059804,1,1.6242764845409616,3.263916443388208,2425.4642762469484
75,74.10951252187611,47.79413927746792,87.44991800572626,5.289575289575289,6.73464551944726,0.8555462674717247,5.0990246645430926,0,1100.0,0.0,0.0,0.133190979059157,400.0,1150.1333651955488,3.697841905394978,0,1.516079660566962,4.94566067717893,1773.607704958465
76,70.43523534119086,37.61754204811233,88.65062532353315,5.293436293436294,3.1250738788004067,0.7686532943193634,5.378250023268398,1,971.3443858735429,0.11521388032432639,2.608610245605872,0.2763855516609288,400.0,967.7320161157865,2.718915986710849,2,1.787746653582362,0.8007596923219362,181.30400938071855
77,68.50496324767066,45.1792123752051,85.10618142108846,5.297297297297297,4.762343883550008,1.3592945653861397,5.545797505030587,1,968.4523363344545,0.03672471433400426,2.1637460331668503,0.18549793758412303,291.32291772572216,974.9166983544952,2.895389063127736,2,1.7009200815391718,4.113581337811498,1644.9097306194105
78,70.45880388267751,56.193971814134365,87.77853369961944,5.301158301158301,7.9462414943337,0.43650777573012833,5.068396062568086,1,1100.0,1.187943618211723,4.4791680128831235,0.13244668115649588,362.3655633305886,1132.8194141849058,2.158280903889525,1,1.7112632058623773,0.5430298297475832,1690.4700029678165
79,60.06215542699554,41.54413170794038,91.88650246522425,5.305019305019305,10.091943460797765,1.8999223679004507,5.609557063713876,1,1078.7526520349822,0.0,7.20754064379648,0.10252150399515181,240.15987781274276,1055.623000940066,2.5970649667519057,4,1.734636137755843,1.0591056104150363,1716.1172912390891
80,68.90164056081244,37.666694066503524,93.78494308322676,5.308880308880309,2.754674302165011,1.572690028831104,5.521210027277605,1,1069.3139231867706,0.0,2.1367586673880328,0.21195113672767651,304.08648418715944,1045.5887772081608,3.4824258165487287,0,1.636533475172665,1.0222165906755696,799.5977080014401
81,71.78556285755873,53.65530817237868,85.38917337911187,5.312741312741313,2.1783751679458483,0.17882200462451903,5.079713977969746,1,1100.0,0.3840968568869214,1.208241779177036,0.20547992442453528,400.0,1200.0,3.807791411774116,0,1.7851257329064802,9.602219055631538,1361.9214946448562
82,77.38947022370758,53.674498566630845,94.3480296005283,5.316602316602316,9.691737300550514,0.8351615515698567,5.1955179500864155,1,969.2743166612163,1.3927000409150248,8.607277504209577,0.2438707244738317,400.0,935.6481769619857,2.382825564060039,2,1.7101164398211401,4.854199190931106,3805.5389432454867
83,67.40864890863176,42.39585236943305,96.77818929402476,5.32046332046332,6.740618316131767,1.7582366151243294,5.460308647743494,0,1100.0,0.0,1.041111553720552,0.27805161060356043,251.64150440662826,1092.7840128081236,2.703767870423553,2,1.5815928449544554,3.01969991496222,547.3756882055427
84,65.95753198553406,42.93442541572516,92.0671745161185,5.324324324324325,4.236387509220241,1.8894640445828206,5.564283806275702,0,1039.3682150385057,1.1629677938889857,2.518466479573598,0.11588131692860591,276.3955979408529,1005.7013124897085,2.9867971215205364,0,1.4633483502238005,3.246228558550536,2086.077964628147
85,67.49121478207732,53.480749060364545,99.38397906279033,5.328185328185328,7.053814156800855,0.9348030224997395,5.397713808675858,0,1004.1006338615897,0.823818771614263,2.2928817408014552,0.24629929806807246,307.40088993122174,1026.8592278863257,3.1400805794098035,0,1.5909030961278912,2.0642564492103275,1477.0785554231131
86,74.57701058851038,28.27873487754014,86.13105400448214,5.332046332046332,0.72464351810524,1.2268227784214154,5.422406848985868,0,1100.0,0.16677432990425445,0.0,0.13748238881951644,220.39872866486928,1152.8468426412533,2.595198240039177,0,1.5387577747017391,7.347938826273004,551.4773495956456
87,71.64375554829843,28.888043384351672,83.77672648344291,5.335907335907336,6.014473020916331,0.33406789218415045,5.063158934446634,0,1048.467853143324,0.17547334552045174,2.0142666729463192,0.2716354106314328,367.6968305908488,1050.7835756289624,3.2120305222320447,0,1.5276520042926178,1.7142313533026396,288.0119533224679
88,67.3511989811648,39.22333668121346,81.10639875547861,5.33976833976834,6.674947364991191,1.982337252273953,5.67187104674702,0,1070.9656724604283,0.5514707744349574,4.672289926052458,0.2638127027723312,265.1897257262336,1053.8296079049633,2.763080326464542,2,1.5117012227176574,1.197177914205427,1080.2726670065133
89,72.56633716556678,46.798292724322295,97.48022155744592,5.343629343629344,7.87942830996369,0.4633434027668868,4.854148758767058,0,1100.0,0.0,1.5450474800931844,0.20815875099710887,311.28002148747515,1107.2507337309803,2.9927738645608604,1,1.4875735690962775,0.4449335698503793,793.6681309310073
90,70.4853877467402,54.66361348397007,93.27182828177028,5.347490347490347,4.014679137885967,1.8854635482702513,5.680515634518286,1,984.1831056288828,0.4350301418083181,0.0,0.2420485597246623,307.29461206247623,963.5047270457114,3.2731421240018497,0,1.7600265829236936,3.8568517947078,683.1845907908369
91,74.84322495266444,72.13034325424329,89.72207664544773,5.351351351351352,6.225428376860774,1.299293297984737,5.215816611517611,1,913.202458458277,1.5920477503105048,0.0,0.16287002263674968,250.24746965861328,916.0790332660994,3.003211134905469,0,1.7070179934924024,3.314823204930506,1849.7496772395561
92,66.48973453061323,62.86489434803029,91.3998431315991,5.355212355212355,4.214787813517892,1.2154735897577182,5.328397982787002,1,877.9325630407349,0.8335013760718739,4.099624191571852,0.19423357978656292,280.7322150090545,895.5190805978966,2.7818070547367157,0,1.6016465148206422,1.2127121071227107,1363.9358722790776
93,68.36168926701116,47.60092205054859,84.37255476350812,5.359073359073359,6.587987588568711,1.0253770220330172,5.19564611714729,1,829.5361036566172,0.0,0.001365637914965256,0.2643273795420943,258.0715947305234,803.3643410623998,2.9451950980370847,0,1.6441406769146498,0.0637905023859777,871.7301752228029
94,68.0394592343392,49.71475688145967,100.0,5.362934362934363,4.2981104440770395,0.4613396234355174,5.0089337394585645,0,1100.0,0.2652404811550554,3.5642600030629183,0.19185303943464277,297.4674690094523,1200.0,2.955818520397332,1,1.4907077123903627,4.565835790276604,1484.5640412493083
95,62.68242525933941,34.96205953043287,90.64610590987614,5.366795366795367,5.28418442206566,0.3530560640110165,5.221999497941157,0,924.2236177993749,0.8879924258432088,6.418201236664894,0.17155965306508836,229.11578559990105,889.6791634278317,2.814994485058936,4,1.5154999491582777,0.028709172760658888,489.3174493909887
96,71.48060138532288,49.72230296011415,90.54697397302446,5.370656370656371,4.120338322388655,0.4409724181403507,5.085521605310916,1,973.0232387373319,1.104175467110295,2.4402941075567224,0.19884248945005997,356.66021697463833,977.8746376414229,2.870601968666449,2,1.697170575555005,3.0409552016505947,935.3528319575809
97,71.30527636089944,45.670120416197925,93.62883311949346,5.374517374517374,7.425824607199438,0.37287652428850904,5.146513345459624,1,1005.5548880754267,0.26652494541305255,2.1639696184998845,0.26564985048744366,400.0,972.3186700111079,3.7993235852523584,0,1.760948539489683,8.78791289484953,3534.4817274245024
98,70.02556728321231,54.84077840507134,92.40504615868356,5.378378378378378,7.852037368448465,1.5591689471335066,5.463058626252133,0,1049.0922291678053,1.0728470675075124,3.3008475768969356,0.16704160947417454,304.54957340380747,1030.7406697809101,3.2804597239706195,3,1.4024449067980687,1.4391274790923971,1448.7918672679887
99,68.82706433312427,37.59153584671515,91.11942012139566,5.382239382239383,5.67747700680332,0.7002505183334602,5.2577792382223505,1,1081.621883964542,0.0,3.169572464189457,0.13475231862714876,400.0,1081.5737212539298,2.8522598409854196,2,1.707179396825258,0.6696117026217673,1566.7360676285698
100,62.923146289747926,57.79019771361759,86.04762772277344,5.386100386100386,6.234777148221215,0.11568535312679273,5.042387795044064,1,1076.1197729237583,0.0,4.068054822144464,0.24240280406615614,225.95268637725715,1086.0473488359746,3.348477202255368,2,1.6091010387306421,3.0508569102994954,1309.9440781804242
101,67.89677338617321,72.99108369503867,92.35734178567998,5.38996138996139,3.2727013406170813,1.9382052602816227,5.45316235566563,1,939.1414934072434,0.6803526810727833,0.22274520368010484,0.2651956425416163,339.31790585045997,941.6922561431062,2.833090255121995,0,1.7379856147742083,4.247424002523314,1054.601305844854
102,68.28642741736616,48.36859777314714,99.41012248237517,5.3938223938223935,5.582113885453606,1.7675717699268514,5.629898212922769,1,998.0478749292366,1.0442998678010096,0.0,0.12012749570470667,245.55794831685287,983.2878286213588,3.5865623187933204,0,1.6952770642778998,1.9765159079722514,1783.6266733055409
103,65.9886136538919,56.02567583148412,96.7271002307749,5.397683397683398,6.0926409589667045,1.855504566390426,5.507275711600997,0,1035.0172280346624,0.4092317294143737,0.7916395621918462,0.14797482255118893,200.0,1028.25799504883,3.184821096099047,0,1.5209804986012059,8.530793091007707,2710.2830528739346
104,69.19357144166996,60.352159875666686,97.96593313319698,5.401544401544402,11.446219386693155,1.9898156452928706,5.441286503721886,1,967.5577802199098,0.5295541439185518,1.3857115116356231,0.12839439795219879,261.3484123923553,975.1308873816453,2.9463489279978856,0,1.6568058519705116,0.1326284701064041,1853.7087984498266
105,72.02025428407269,43.98169292171246,87.44392161784407,5.405405405405405,3.9922821646678885,0.3477904984389746,5.0615256334351,1,1100.0,0.22065325715705206,1.46927509091866,0.16958828231643333,400.0,1160.7345576019993,3.223858462905139,0,1.7639732465828875,1.7569616723214343,578.4541014489332
106,79.43092950605265,53.36138722715625,85.0519758987071,5.409266409266409,9.156153705304101,0.7924840378053175,5.387821190405027,0,1054.7376581524616,1.651870393627049,0.0,0.19007019578108253,400.0,1049.0974951638252,2.2145619239657504,0,1.5520862332029426,3.1686481183744455,2467.051791501785
107,70.8728890641592,50.18888601172692,89.37106539950176,5.413127413127413,8.233099786313856,1.5164769514081826,5.539965259633805,0,1036.709557787567,1.3312247300428042,0.0,0.24976526739266128,336.32444970529,1073.4877786049817,2.4366162655450974,0,1.5291772151505945,4.962883731076698,2609.0681859830797
108,71.28775195361382,51.465141478232475,90.27862456144348,5.416988416988417,6.812238059945524,1.3920412361075845,5.382747157391489,1,1079.5326766577007,1.6477718698421717,6.389525723753875,0.2302295169763348,225.53764853860852,1066.2881268667413,2.403037496800472,2,1.693524137656828,0.4938589003998872,2283.831591120545
109,69.62777042116916,38.404853242168,95.47095759235474,5.420849420849421,9.77978923093853,0.3077918126797101,5.05741177337207,0,1098.394450203081,0.0,1.7892943751477446,0.22418571349568622,319.40540317179057,1117.3473857485326,3.0714715473818535,0,1.5289928642647566,4.023638303510106,2201.5979822309614
110,60.40614392350479,50.36765261388414,81.5376768514259,5.424710424710424,7.018342219344999,1.6316662499812356,5.457336369872633,1,999.6916592475081,0.8280882857615538,0.0,0.1704749893219309,357.93200227818454,1018.1021558703707,3.866257499742546,0,1.6646553716006325,2.0113539684995745,1884.397689222258
111,69.86743062275391,57.46997436868175,97.64775159730307,5.428571428571429,7.064032677050144,0.4488811436733213,5.342339141458081,1,839.5493533411033,0.0,8.702959800704404,0.26828951061695194,305.4713659555468,870.3168052044153,4.115650073096316,4,1.7427777829510356,1.2627454837569483,2166.446807881917
112,70.30115104970513,71.76715411692562,89.20996050710505,5.4324324324324325,6.191055991262207,0.44763522964524616,5.172484114116729,0,1005.8847261813547,1.9072826264248048,2.0435495012503795,0.19425743347963292,200.0,1039.9687951752642,3.3190255507203785,3,1.582474044716196,0.3530882752862318,1983.9164138287601
113,82.31621056242643,64.3890623912781,87.8655946502629,5.436293436293436,8.756018073717563,1.0739488457868271,5.365188818455155,1,911.1693804886864,0.3904702030991174,4.0938698041207395,0.2958209876030309,248.4268047210265,934.8643106208172,3.2504222374722285,2,1.7535305279989593,5.011684276510637,2448.098467405228
114,69.03819517609439,82.29773686267335,84.93947812369916,5.440154440154441,8.513401788085089,1.1858798696834063,5.458792306308206,1,937.3033104689237,1.6785303252875317,13.795534033491954,0.22682842765914737,306.8489622761127,947.1383318250244,2.0994711329236306,5,1.6635198765096295,0.42778115969077746,1490.0200330277867
115,71.50773671166806,38.489786556679256,81.72571664067115,5.444015444015444,5.080691757053907,1.1601724156756223,5.371930640605338,1,1100.0,0.0,0.10421456546202745,0.12525294831290054,400.0,1058.6364018755094,2.728663100132989,1,1.7180708658636552,0.9268906955560812,-781.0476823891895
116,69.82644115147379,63.08480955081017,94.11585291980957,5.447876447876448,3.705134954431809,0.18297367479550974,5.028987887856583,1,1100.0,0.5157938147587657,6.331353909016836,0.2352355124150868,200.0,1123.8283071433636,2.6061081240458805,4,1.6353429228120675,0.856386101319302,1037.0034842668451
117,64.15660981190234,52.75013008607527,90.36658983594202,5.4517374517374515,5.949251080421041,1.7549217252607607,5.50684153266973,0,1010.7613564442192,0.15654089033856755,1.528059563145719,0.1650208030863398,296.48926623603955,1002.1271576736061,2.689576200874442,0,1.5286195155587838,5.127894009250776,1345.049704297894
118,75.7141140725751,82.8470439982651,83.55019550129472,5.455598455598456,4.766718238000076,0.5312000851774121,5.1521998996118175,0,1040.4619323396555,1.3104697795841493,0.0,0.23726543933721947,328.15736256765064,1030.8833012598964,2.915928090707605,0,1.522530170643127,2.7922181143153235,1306.2648980330443
119,73.75966516343387,37.87552571967273,83.52460613968192,5.45945945945946,6.251329229147669,0.25902984256560835,5.073986729118698,1,1100.0,0.0,0.0,0.11392822963248116,400.0,1170.2214944635239,2.7639547111514364,0,1.6065091830233917,3.982452645776602,1427.526526801212
120,73.95515973521523,37.40417236728836,88.32107650354936,5.463320463320463,8.864837659329668,1.7774961597379544,5.606011802285084,0,1028.7324660253953,0.0,1.1928822751635053,0.13497628743519188,348.05527664426796,1024.0753179488568,2.010350094812106,0,1.4419108078043819,0.7207653304830657,1084.0820406270286
121,65.4530627260263,41.009110318339665,98.34510762644696,5.467181467181467,5.486941091370821,1.9113029964595067,5.578585487518582,1,1100.0,0.4800381129114043,0.0,0.2711474517811573,400.0,1200.0,3.3739551280587667,0,1.6858430551628116,2.4512339374414154,1793.9498089944868
122,77.0139715546805,20.0,88.70204324318198,5.471042471042471,6.327480650504264,1.7242552345309012,5.5905405780808275,1,1091.8088777025885,0.0,1.5280600255780568,0.14543591140470297,294.3496363374686,1056.5509645631544,2.4636284871300966,1,1.6849570126429587,2.12009690530634,954.7435898442495
123,62.990744686038596,42.113674674788584,82.48428523440947,5.474903474903475,6.540755894327216,1.6190321494497562,5.477637986824068,1,864.0030296458585,0.5239952490624016,5.488371420630069,0.26740822504858797,200.0,823.9237240844183,3.1196234320555747,2,1.6395261532290597,4.471865685482293,1392.7569862295095
124,72.93428546900135,38.61301007669453,88.77128467957027,5.478764478764479,8.133155200704005,1.3104839612780435,5.401008707415023,1,1045.9931718518708,0.7919441848622096,2.8430921670731224,0.1558552176908821,324.36047432441313,1075.3341621104532,4.037041334874987,1,1.719448936467609,5.913467753025186,2970.4730914944075
125,80.95227812904989,52.25590679714311,88.63638215126164,5.482625482625482,1.9540977799072365,1.1017147412182786,5.130694353912273,1,1018.9920254585235,0.3383513786323625,0.5336367925908038,0.22857638201174152,400.0,1038.1158384882779,2.5403077042067883,0,1.7125736804470255,0.030578173522428122,-37.747787344338235
126,65.04731837434656,55.12633963665739,76.51556678529214,5.486486486486487,5.246058869928867,0.17397351982282028,5.143824823417094,0,1100.0,0.5645194080200782,3.3217554414599224,0.2388301147019662,400.0,1128.9752754082747,2.0,2,1.4902865434010741,2.80229750222384,1583.8109988788783
127,67.16851135198614,78.14256258823829,89.72852566741093,5.4903474903474905,6.893609855601417,0.8169064261413974,5.279720775432218,1,1051.012889792698,1.234444051708805,2.740122230537911,0.20253095062901058,400.0,1067.318135126996,2.8569978890599446,1,1.6622104249920817,0.13306896011555686,1315.5229954607555
128,70.4982568254382,64.25635757279075,88.84532734895662,5.494208494208494,8.882783395479205,0.745377034024628,5.323414121193354,0,999.4630752622893,1.5406467843849452,0.0,0.16106213533934627,343.6286630785384,986.1544016016226,3.5504798174992853,0,1.5524353563208282,1.989936518424724,1973.637390973571
129,67.48262172941901,41.346445165063955,93.48103182406709,5.498069498069498,5.510403599196083,0.5195075675206524,4.866226732436827,0,861.8307780228397,0.26782653394725575,2.9156112198515696,0.14252887527421923,298.7089879176696,877.5701763710634,3.9791737271102967,1,1.5827703556544148,0.847904176424715,1019.5185249230768
130,62.24668284466934,36.52377992977463,99.24478047472672,5.501930501930502,2.7526860937077586,1.4468402273771699,5.6428895386912234,1,1028.6933121489894,0.0,0.0,0.10663787091248525,296.84651682215355,979.0976742713975,2.3852252027737917,0,1.6758219258076732,0.9160074113236547,-109.32251044885024
131,70.34281487403014,57.37878757259759,95.63282514773879,5.505791505791506,7.75679740930679,0.9917514701575416,5.283566478231744,1,941.3534121583951,0.8506454498171717,0.0,0.16078928024814476,304.0780994986692,914.94795457907,3.248349611618261,0,1.6693916541422589,1.0883621241977928,1781.4888570525413
132,64.68848143136948,30.196501894690368,88.65555654722584,5.5096525096525095,5.25823275130627,0.16209243181529587,5.159446011218341,1,947.7010335958653,0.0,4.0200844148959725,0.2306325581062566,400.0,941.9476550195277,2.7673447716099733,3,1.7245603832705998,2.427477512845653,855.3311596053146
133,72.36796215317591,77.47188148781531,84.46737045629165,5.513513513513513,4.161207222359817,0.44036640389962267,5.028119328457334,1,1079.6953094225057,1.7754887907301002,0.0,0.2876609636896965,277.63925916091006,1058.857840442061,2.947025822847932,0,1.6820985310126506,1.016351586957085,595.7980140600114
134,65.40287882883098,67.69160181081931,100.0,5.517374517374518,5.303432772697105,1.3665175273191918,5.471232648702014,1,1100.0,1.035051708175463,0.0,0.2742408964526104,400.0,1166.9904504351407,4.322171673508517,0,1.6930301399668382,3.2984502599819217,1511.6812750231043
135,77.7496720250877,42.962365218429426,90.29609217007244,5.521235521235521,6.194655848394865,0.15226171898060037,4.940336959376815,0,1027.5680255113848,0.1290448775819919,3.7719070996760133,0.2532129553070605,290.44102046572436,1039.467152982298,2.2485148358024234,3,1.5369826575862335,1.295999696934573,1527.851939950487
136,66.08373353831881,24.302982063636836,90.06964645956474,5.525096525096525,5.3658002462131495,1.7024138280975374,5.448347252359681,1,868.0346505442321,0.0,4.517322295710776,0.2576894686506597,370.86030786585343,880.4116937964816,3.1268698307472866,2,1.6045321956246352,0.17700376603397197,470.9312639951273
137,68.38969241897162,70.3080856124812,89.87937456444999,5.528957528957529,2.1757404726744474,0.9902930540279486,5.488491051595064,1,1051.1252230222985,0.6683146159437072,0.42547955171532065,0.23299698069519906,240.67322932902673,1044.460266822014,3.233846585882717,0,1.7659151162426334,3.828414121458334,690.4770665101053
138,74.06758608684835,48.28190232121073,90.99042380383928,5.532818532818533,8.392587992229863,0.961173154653296,5.269283706319654,0,1100.0,0.6960572617324914,1.565747469897145,0.1520573715132006,379.2536878812117,1119.6631486645651,3.5428931624696736,0,1.5036340262164671,0.8413347323792846,2198.5653235219015
139,63.84567841783022,68.56724467960193,89.27819794038028,5.536679536679537,9.159788692596054,1.1848155693190352,5.377187958113683,0,945.344794353694,1.685943632824983,0.0,0.28143900614116596,228.19228763857123,939.0217095680617,3.048991576735448,0,1.479425342771891,1.4174622816523572,2000.2356858714047
140,71.13729967302065,26.083585118084493,87.13168996559882,5.54054054054054,7.924665604300633,1.6493619318502983,5.581815352623964,1,960.7985339700424,0.0,2.8161056936735114,0.2341464623811668,210.53562496180197,986.5982833327082,3.154025269752051,1,1.6955382922889275,2.8914819675795647,694.113662267833
141,76.53571377141213,41.00937465569341,87.26570529379804,5.544401544401545,4.357833292355002,0.6956184158043861,5.2582537135385765,0,987.9986610101226,0.5141604855705837,1.1015951445473264,0.21208812619608797,312.2014716093661,1001.4688194729197,2.8041757162891043,0,1.498121467751026,1.0103755217262445,667.6766097955881
142,61.96258382719386,50.07865549577275,89.83623364892001,5.5482625482625485,6.241804576892609,1.3560323051181271,5.421851582049795,1,923.9181166452644,0.0,0.8895476156631895,0.12219789384269622,373.37756979208876,921.510168691776,3.134563470622554,0,1.6134399348277537,0.14562425955974523,358.7518506715487
143,70.92316929266153,50.70470890647113,87.28287614433117,5.552123552123552,6.643328025911741,1.1314639279915821,5.375935278644097,0,1067.3177955698468,0.2831748789789108,6.348692634395716,0.18941110876128509,265.14408603972765,1064.8280433843859,2.8284038622512946,4,1.5747469113726618,1.1706969821303683,741.0959657567063
144,71.29941397124212,43.249017927811344,86.43577108661418,5.555984555984556,7.8655424470774875,0.5340565403388426,5.40055852062548,0,1031.3131670697942,0.35322564966660575,2.298726964542378,0.19207165424038525,200.0,987.9051851392219,3.3107859449280252,1,1.5020662816135308,7.226115622920081,2242.0568799314674
145,73.90911435888655,59.34274898521248,90.53215113845948,5.559845559845559,8.01621765697284,1.757259972710316,5.521416112109736,1,1019.6663976396261,0.31479773829626795,0.7282805921093227,0.272912721904534,343.1396633597593,1041.9532443907028,2.815194831978183,0,1.7221501065223688,2.56620165167778,1851.6870233457144
146,63.81524644560959,33.98569355926108,88.72511391289572,5.563706563706564,5.2227720935627,1.5948520432138562,5.498565517635654,0,925.9057492358404,0.0,2.014356933815884,0.2093296440375577,280.317827047,911.2507822197899,3.1885501969510934,1,1.5475774885287021,2.7828874217376036,877.3018402992603
147,63.39771693457862,47.8643077246806,97.51996494291345,5.5675675675675675,6.866693815529824,1.316903669316851,5.5001365403958165,0,990.8190086572919,0.0,0.0,0.17608010979408192,326.48728717761156,956.254169967659,2.985368593157511,1,1.448941877121985,2.501098391840346,1254.6282982626303
148,72.60970782808448,51.804434475678484,76.74515095803494,5.571428571428571,7.628846523516196,1.7011634581884838,5.620901630752344,0,1100.0,0.9653263792728423,0.32097924794696014,0.29536006570213186,400.0,1072.2381357827771,3.5630251253860843,0,1.5236735949517615,0.5547112948219315,2561.7596080343724
149,71.48492336616593,57.71658251088124,95.45753425961232,5.575289575289576,9.63751337016226,1.7345884019196047,5.639079551131919,0,960.7812617949772,0.5286822809310034,4.425062078794484,0.12214411866526315,281.4197543502059,962.7166847908233,2.974303138205757,0,1.4866179454550603,1.3546466137772306,1570.6111012343906
150,71.25246425172938,60.674223171333345,96.23042596248814,5.579150579150579,8.146464817101185,1.4167259534300696,5.48889080823194,0,1100.0,0.0,3.2799214624860347,0.1845096856623889,400.0,1172.6963851233404,2.113483765896559,2,1.5423385387608246,3.475151595246685,1710.928876374188
151,71.73224104748488,33.13036862243196,79.63304883795925,5.583011583011583,8.327148123785786,1.674026656727344,5.387907505745155,0,975.155641763997,0.0,0.0,0.10840493503428106,287.03982859097783,960.0363814385398,3.630960750356996,0,1.3936386289824252,0.2672178051359091,822.3161763155065
152,66.59987639210755,26.988287438965667,88.28656202959826,5.586872586872587,6.928271016476482,1.3949429233385673,5.58182603023168,1,1032.3270949306088,0.0,2.7466971194227963,0.24798082415338607,319.65866675236094,1022.4684725751886,2.5471338495686906,1,1.6950452849879365,0.8138156241082375,529.4899291349072
153,71.16126848580502,69.16515232847763,88.14279567002104,5.590733590733591,9.59311906260778,1.3602815435206008,5.293449923754312,1,1094.4903471085731,1.3409419494806842,0.6247564209331434,0.2836153104398301,218.26029145325893,1093.259083187309,2.67311683067559,0,1.669858967210802,0.808511853270255,1965.4998681475884
154,71.46536236649341,54.98471017969388,82.9624415264109,5.594594594594595,7.6033093757027785,1.2372227564303686,5.401430373453014,0,870.3278631453635,0.0,2.385470330832829,0.1560074659100979,247.46843324896895,858.1634267066968,2.702169352978254,0,1.5216131475317078,1.4141679601149524,818.7506057373731
155,66.42824290986816,38.7727019516517,86.11091656204562,5.598455598455598,5.073190975019655,1.5054332791152825,5.376202398732649,1,776.3738005860783,0.0,0.0,0.27166833535982415,245.11072694927367,823.9191188019224,3.6872190465854087,0,1.72350220936841,9.82658033319914,2108.5906371439014
156,79.32887255572378,73.26727963283784,84.44712077267086,5.602316602316602,9.613689747200187,0.3172102105861474,5.088749228516545,1,861.8278498085091,1.0459520452730076,1.4627605051499848,0.15844364609237954,355.8063236192686,847.4343685429906,2.0,0,1.6646187052588985,0.17472214624030746,2981.342634795313
157,72.36916460455893,51.73511951439288,98.76135221711812,5.6061776061776065,8.214339363610875,1.7617415183978569,5.5613986965497055,1,1100.0,1.070995430193648,1.180844122502927,0.282154032328783,400.0,1126.2584103427182,4.568874266829997,0,1.6643913067911977,1.8281664217648683,1784.7117860552535
158,64.04348251398676,67.6894577609574,94.6783919657373,5.61003861003861,5.944027787858866,1.743687055490464,5.555241838192167,0,945.6106911257649,0.744604987657544,0.0,0.2507923807193568,200.0,944.8141854107553,3.5280284045330257,0,1.4944667315721336,0.49419115168877825,856.7520866240224
159,73.28276804316914,51.01277722115164,96.3577754749708,5.613899613899614,5.8827129069003545,0.05849456606911829,5.059740445244264,1,1100.0,0.5947222995055974,4.67737463584338,0.2609813553682877,379.81798159804964,1200.0,3.1116194570645797,2,1.6551678886342396,8.823418963064434,2524.9924005942667
160,65.1265916488634,80.91121887322981,93.60836032021618,5.617760617760617,7.446432943563376,1.6516335011295253,5.656861177244722,0,936.2745391889857,1.4257979298363026,10.058914963196715,0.10360131112009091,337.24442298850903,943.5752401342611,2.9725529996918567,4,1.5420991847726064,0.30063131288885625,1902.3125188081503
161,73.93542301871226,76.33011263664807,84.35474114391386,5.621621621621622,7.791234455400035,0.2577397349468904,5.122675350635465,1,1011.6430039405876,0.33752531631756444,5.744630760056901,0.29256207141480517,400.0,1018.4551303197037,3.1427770374288286,2,1.6815396399776277,1.292113441949347,1812.0764124473485
162,75.79297789503703,46.2655377728139,87.37739866860113,5.625482625482626,7.2710324077102895,0.6702377085182838,5.17665564902642,0,1100.0,0.824521768128263,3.7139613758525427,0.24533419841406465,364.1473070599687,1154.2109952567876,3.260561214189669,3,1.354650589033918,3.3474297059192706,2708.2871086955547
163,65.89658840824144,64.57356426431534,92.4468728061396,5.629343629343629,7.5106482349166575,1.4870165125832155,5.5425136706038005,0,1100.0,0.9959677245348121,1.640316373510969,0.16095021907722667,387.8625555615643,1200.0,3.3226077929750284,0,1.4812588971689098,3.04817662175789,704.3950293343366
164,74.8168806462216,59.680639243777215,83.88936095554027,5.633204633204633,10.29952864876666,0.3215197920966164,5.215402986521449,1,1100.0,1.1667662780398058,7.870622789934963,0.26587893297176934,368.02245313656033,1200.0,3.277802233001724,4,1.6480728089578014,1.373607057549774,1468.4710676854017
165,72.06390463468249,70.52947336298523,93.56499215086194,5.637065637065637,9.054283215666683,1.6359340482381244,5.3680194329577375,1,1100.0,3.0077032110904813,0.14574819603103079,0.15630423968298598,390.621167582946,1120.8366230593142,3.044790340627624,0,1.6184362092269526,1.063624322329551,2669.396076540432
166,74.11030079997245,35.52614809129843,88.79837300920933,5.640926640926641,7.304051105309972,1.6642683559154838,5.559020513759631,0,1100.0,0.0,8.146393982003389,0.2745507679132256,400.0,1102.4062525811462,2.901330789846337,4,1.4381286680888714,1.2671353785853148,1890.1681639417006
167,79.48396491326974,60.29077189997659,88.12589596225202,5.644787644787645,8.8169840958979,1.0149354675216724,5.374597914487592,1,1067.376683571509,1.7085535626348116,9.69951402240348,0.1225160780823874,242.76784932947947,1059.2526949201183,2.924363358173244,5,1.7054704235916485,0.7672514706750984,1552.9633221276765
168,68.77305941998564,65.87636730274382,93.55479984101746,5.648648648648649,4.880898138890869,0.01277174343366716,4.974075172694101,1,1051.7041735240784,0.7614712625617875,6.38341499421413,0.24073719549215913,339.09400079572646,1077.8361076166639,2.9025458598236593,2,1.7664320414124115,0.5745801071783437,-302.5978033477995
169,66.23131917821256,23.618907703653285,92.2213165574302,5.652509652509653,7.753383057422576,0.5740762663498256,5.30979356123611,1,937.165238931,0.0,7.832564080301576,0.20813969532898208,259.46226515797207,944.8814283671467,3.5668850484335324,4,1.7156592236932489,1.6494729796709504,1745.920341335101
170,65.55242785187238,32.25112231001337,88.1951691709046,5.656370656370656,10.58772466857819,1.2338538367514844,5.355150592322192,0,909.2939450986621,0.0,0.0,0.11930689403908817,292.60765982838296,918.1801116577693,3.296778361140431,1,1.469674830589213,0.7817605148848378,1682.9849137883639
171,65.92094857517282,20.0,95.79664901682123,5.66023166023166,6.544603189910232,1.962372356054847,5.601269352163609,0,1004.1287979182586,0.0,0.0,0.1483787656517678,399.87206612754886,999.6625542589048,2.0,0,1.522795209758535,0.8473039115842845,100.96158689454342
172,69.61449145292949,45.95889748333163,84.59468336200051,5.664092664092664,5.297010135039821,1.2636270540333367,5.361780933781614,1,995.0546507062674,0.20195679314055942,0.3573894336209512,0.10248080725546296,283.94028273423424,982.9815377475071,3.3279503882648807,0,1.6770454844890503,2.6732847484579603,430.20099090102065
173,71.70575987408321,60.76313383693943,93.07967803472133,5.667953667953668,5.699683226674884,0.5196071621283196,5.157440053396643,1,964.5443544707114,0.9260548222002609,4.4584295685941004,0.19375359309290116,200.0,954.6771950672725,3.0973680973593876,1,1.6652699815418428,8.647383923265789,1985.1910883676928
174,71.38345399665009,72.53535578144042,92.96550628984193,5.671814671814672,4.836177940759239,1.2680114061992227,5.2707759131702465,1,1037.0148337434114,0.3581636993105344,1.2061893698976671,0.1602530521520001,305.5120786183939,1069.6387447456716,2.9906456217770514,0,1.6422818665883507,2.3135633173566683,1005.9177935072036
175,74.13591624518011,51.111421706296625,88.45226780343005,5.675675675675675,5.45750321077162,1.079970759431711,5.179986139570084,0,1100.0,0.9395868788811805,0.29892944250591214,0.21967149685955176,381.6907796227797,1095.530520857051,2.805740773455557,1,1.412408559662414,0.20025949714986274,820.0674144348986
176,70.06500945938953,74.42923318356938,91.63066511121059,5.67953667953668,6.297593841429982,1.5596907903022872,5.627357743413183,0,1020.2211057279353,0.9921664908402427,12.970379833357782,0.15944756154172343,342.6911666002532,1008.8406886291847,3.5620563599930066,4,1.4805038146720277,0.19648168622137768,1728.1912660020907
177,77.26767038578659,29.29847812677663,83.74443211807349,5.683397683397684,4.239059011835767,0.21396127765391681,4.979492248464342,1,1100.0,0.0,0.5295506219559593,0.15998382230139693,400.0,1147.753008105526,3.473763231061429,0,1.7079026744960066,7.561524143581075,171.47832886925517
178,68.67671583381022,24.44926340967268,94.6201350960345,5.687258687258687,7.093012729675268,1.522055805004056,5.357477506555585,1,897.8817020202365,0.0,6.550781475998029,0.24863863974632067,283.10386731141875,885.8310885866495,2.6135611660881954,2,1.6951688164992555,0.8820302867958986,666.253435420214
179,83.6008458329481,49.16678451655072,89.07548931778506,5.691119691119691,8.877913420932368,1.0825331573522206,5.109420935845295,1,1003.7335321859267,1.1220683575721069,5.696571132845541,0.1096285671956707,229.30574025511598,980.6340540720282,3.2035261435622675,3,1.679201653602632,0.2414616908020169,1374.1756553752266
180,73.12833673882503,55.76098173408961,87.38638489740481,5.694980694980695,5.269429724648245,1.9259840077179893,5.513899027546446,1,942.419290150705,0.45743421056648054,7.066718489410899,0.28057899903839745,351.63945575952465,928.3177679397195,2.514171632729357,3,1.6527126969651609,2.28476261939706,1058.015110870179
181,65.71421221791859,49.509578778588605,95.24504612918444,5.698841698841699,10.135092943808635,0.6837443320773722,5.072814320282462,1,840.863086024519,0.5596132498787794,9.67893700903681,0.27045277487823627,230.31230359673782,813.346338292694,2.3101909176055346,4,1.7304123095842483,2.4430811782514597,2069.327280345671
182,64.64553750969444,20.0,86.4782815472862,5.702702702702703,8.129692285163298,1.2652437862678962,5.543774651894005,1,1007.569730993863,0.0,4.436389423508512,0.2335609366452813,400.0,991.7319314157301,2.6866413877050173,1,1.6341434040026708,2.6138982020578294,1910.7323582214428
183,72.41236207621593,48.66319940730818,82.9576935181822,5.706563706563706,9.180852290939233,1.864056211020035,5.660198572240274,0,992.3885524240078,0.9797030368174111,10.11473661075645,0.21864431402147685,348.97853887180446,987.8252491616716,3.4311967361913793,4,1.5388013956921738,0.7778954916739149,1160.7028758542383
184,68.88268607337075,30.432957492427203,82.21685413238048,5.710424710424711,5.815605023569859,0.2050194559813585,4.992690802276635,1,1100.0,0.41140551152030863,5.744394000145956,0.2784604996279304,310.28531943279546,1151.3449743242131,3.4765625226880434,2,1.6498891490536638,0.03806503471222778,1250.2271470070084
185,73.57000247046047,60.04508823245058,93.0300497567282,5.714285714285714,8.851907596990374,1.8744569744729023,5.7875806728763015,0,1089.2345327208184,1.6650560684871591,0.0,0.1370660359057429,269.8816264803491,1063.0811684554778,3.2565427100486466,0,1.4623782381323482,8.382116103019907,3437.446714756654
186,72.36618812286773,55.498973691452726,83.59785323751859,5.718146718146718,4.970572353649528,1.3757714446016267,5.510907982079647,1,913.6420205842736,0.7052301732436023,0.0,0.11579383243816573,290.33050404523766,897.5813175670795,3.3625478934239985,0,1.6266607404692162,0.7221837737981646,1668.0111295557408
187,69.63585543671563,35.90180320508967,98.77397090992183,5.722007722007722,8.946518167696183,0.1356741182103438,5.0082190971122404,1,1100.0,0.23590208033320686,4.665215020648395,0.14790203398190763,346.421385314408,1185.4092566334189,3.2580891435574793,2,1.6749298926557181,2.817732256115402,1761.5492598280466
188,65.76603140965797,42.2919962399496,79.59035296058138,5.725868725868726,7.521284857193241,0.6019271338936325,4.930637568680733,0,1095.5588990242275,0.5259865977563325,1.8662561446821386,0.25891565574003805,400.0,1122.1033695525352,2.6792592023885238,0,1.5487656229238989,3.06580056112519,2071.4358151656893
189,62.42576387657068,34.11179717166573,98.48228184145019,5.72972972972973,8.295691629158757,1.4163441772905632,5.653997510446243,0,1070.984745543066,0.5016441692524752,1.554558598446786,0.10693405334529667,342.04874881107713,1058.2097703468617,3.2159612723369704,1,1.5257814044221978,2.3540688954795495,702.0314885576704
190,67.76742523966489,49.059813540902425,91.05508733601309,5.7335907335907335,4.8495829895224976,0.1347012029375434,4.901453114204903,0,979.2988645150543,0.0912764657024458,4.130343931428773,0.21656136701669793,247.88231146683702,977.3515901150168,3.400204762613841,1,1.5489211056014018,0.938215496210223,-335.84877626271486
191,74.28199397161737,64.32713480751858,89.51643444064804,5.737451737451737,5.422215527802002,1.1643409203525465,5.184762401410074,0,893.4439807442023,1.311988011851237,2.9052334909723587,0.29908750323826194,400.0,904.056076327652,3.377145664906787,0,1.5261071272966968,0.7905339775814149,1922.1305729664095
192,71.07046872065102,35.21410930496684,87.27540456595526,5.741312741312742,8.418394660444994,0.6917661139059135,5.309786877372739,1,968.5815403839673,0.01356653977155925,0.16735816185316055,0.2711392187675079,322.555532575112,962.7793223928948,3.5944566857373212,1,1.6448165085734816,2.276195908050897,1587.4905429836203
193,63.77130610644006,57.560697732767665,91.99568057176036,5.745173745173745,5.338825227072834,1.2418310355349542,5.616524551294413,0,1100.0,0.6548132319935738,2.32615859240744,0.20428913780871788,389.09120112970436,1108.8748619704186,3.354151923600532,2,1.4834605387836222,5.026573543734976,2240.2240875744155
194,70.86590462925591,42.04613572441339,89.81182648787576,5.749034749034749,8.173516831302493,0.0914840676250257,5.165872502138559,1,1100.0,0.31102378419907284,0.0,0.11272818185732847,309.85361006001295,1188.4586305934608,3.1757241037707913,0,1.6609900435441267,7.331129902356408,1664.7075018274618
195,71.92658689864419,38.10690751606484,95.5165094100826,5.752895752895753,4.524411645766769,1.7430736123047526,5.579312995696662,0,1100.0,0.1589972354936317,0.6152253363783928,0.26627470287714194,375.92203272259104,1154.324352827219,3.535075119158214,0,1.566528745201952,0.27986036289356786,835.2722238642651
196,65.58071281899433,48.394544600681634,90.5711382433102,5.756756756756757,8.966618695603607,1.9469779383547938,5.643568815672967,1,955.0059611918219,0.38229905159326594,0.0,0.2197957016354421,337.6381846998579,951.1150578213726,2.98673937037547,0,1.6401605676786843,0.4205396171577425,2318.628920799939
197,70.76862552972764,34.47136516370939,90.75150880730939,5.760617760617761,4.816806652316264,1.937755710571383,5.666668269049445,1,877.8591963282937,0.12646737035035713,2.704405357734289,0.12298659941191337,200.0,888.0382566710989,2.559062674386141,0,1.7446848844694556,7.239095649247298,1527.744285447357
198,70.29104359223,41.69526041979227,88.18193893893073,5.764478764478764,8.39803616879534,1.4993036634858494,5.525683958024431,1,1011.665527583101,1.0762780625962458,6.848133723036902,0.11877145696467124,400.0,1014.0886246911203,2.918466518028118,3,1.7446476935054385,3.3345890345218065,2326.1744012586128
199,64.28514851084688,32.03183161116728,89.71527188139466,5.768339768339768,8.556281172311305,0.26017248026126394,5.106170886475317,1,815.7577022207555,0.4593743535147344,0.07889409648147898,0.2819253638873185,386.5912085838095,823.1560634437149,2.6275486775967756,0,1.7914810100858043,5.363821415861118,2211.133954096167
200,71.78893680174141,79.47087699374583,91.5390088444603,5.772200772200772,5.923058679743168,1.5165263918580452,5.465378027952601,1,1027.568035199449,1.787923429171617,0.0,0.23384005258761567,310.8890096478114,1032.316771418478,2.662410862512809,1,1.679515670368525,0.5660994263749801,783.388284945355
201,72.80392263184117,50.52895327957593,81.44915803671687,5.776061776061776,8.492238462354782,0.04917383291760302,5.0084928370853286,1,960.2207087367998,0.45911567464100517,0.0,0.26585735986335113,241.46417216670596,985.2397413701332,2.9277406646422413,0,1.735616107979008,2.2143181681617725,2498.280069657946
202,75.41525621587638,39.50411738011122,83.25907288947144,5.77992277992278,7.860652866435451,0.04424710305799451,4.937877672030731,0,950.250984175534,0.0,0.5620185005636126,0.27579578005645344,333.4109289503073,953.3963498131758,2.6037900395000193,0,1.6140825918269421,3.019446713927703,1296.947290367837
203,75.26901026017451,53.20969866101333,93.71632047011357,5.783783783783784,6.273667638965876,0.6472204382990825,5.166098623803047,1,830.713648789557,0.9996148295470049,0.0,0.21435447040966443,283.32238079673175,840.5296932733204,2.84601923518048,2,1.6691179161533152,2.8494599658729443,1827.0174349003778
204,63.111653160214544,48.31507925463755,90.85432719063971,5.787644787644788,5.345824994781948,0.9772863808093315,5.1238902328232605,0,994.0735692219398,0.8703892300912295,6.025274819288144,0.20348927035100825,308.12289767531365,1051.3600106569716,2.053192666523107,2,1.4232479876233821,1.3112622787598585,469.6542145474018
205,65.31087480042439,46.685456007001655,89.0800833182366,5.7915057915057915,3.4492659911722163,1.5408148356155864,5.4524104880052,0,992.0724619570618,1.1552973517208085,0.0,0.18608548206419803,292.3317957256732,946.7299160338089,3.106646853686469,0,1.4059994983046118,0.03878655866103743,69.88645722249612
206,72.5751763360433,59.21250050065138,90.09216966532696,5.795366795366795,8.085400480699773,1.3665907532130104,5.311118115248812,1,907.5309083448686,0.4725413087283873,6.4861859391894665,0.16338931755822386,354.8986871515368,883.0083164289712,3.000602737681112,0,1.7356356014430665,2.186229377726678,2420.352984893283
207,72.56892975456104,61.36261565070958,91.73790852680835,5.7992277992278,4.268077854959289,0.8918054127534967,5.157182692104472,0,706.3681211872664,0.6913459713049468,4.615832501232221,0.18691919217174235,270.4702539457952,712.7737786718351,2.5914556844659047,0,1.4058424895970707,0.7295650809462862,529.609025813362
208,72.57523843153024,42.04248278584209,87.30120159845319,5.803088803088803,7.599954808149026,0.5472533325633318,5.182165414884347,1,999.4415323744976,0.0,0.0,0.25477593114603125,383.82232067252045,997.2485094949363,3.3296228342162024,0,1.6813840473531039,1.4957484333692508,2042.1825530133135
209,89.26365745327361,41.3627263903298,86.10847637298843,5.806949806949807,6.893952988684923,1.9942490003154223,5.737474928729086,0,1100.0,0.12247671121968876,1.78732599493737,0.22038468620302631,246.95153887067494,1177.2251596669744,3.468785068813279,1,1.521865659351948,7.900398148751359,2051.3723643564044
210,72.85445255346583,45.874224542725344,90.9792262754884,5.8108108108108105,8.790717983308822,0.8523626044719459,5.347540441941815,1,1100.0,0.8549274660617159,1.9911630280040595,0.27850465799096924,400.0,1166.125921454787,2.196220067815513,0,1.7092587768414957,1.2730477774242805,989.2592177174131
211,75.677828200903,20.0,85.10813611192484,5.814671814671815,6.839924445035717,0.902774048659351,5.113782154235487,0,993.3219603824225,0.0,3.4063452198360755,0.18867600287583752,400.0,954.2903743413729,2.6186376107168927,0,1.5212722432092085,4.578355683786104,2038.9967698049127
212,74.770008817466,27.272134067021717,92.04126377857236,5.818532818532819,6.796702882904273,0.32724764238333837,4.999211479057968,1,942.9052581761531,0.09757864403961625,0.0,0.2214179157437508,400.0,939.778793963822,2.615428825106351,0,1.7111144927900426,0.5223023279282414,686.1790725371669
213,73.256956256529,70.50311401166786,81.48708197881079,5.822393822393822,8.930922875758059,1.5896190974998587,5.570962848048779,1,1073.3253196560377,1.1901002277749142,2.427249069290627,0.22626151061839775,272.30227943301804,1046.8774256075023,2.5300484494455677,3,1.7639432906656696,2.7903665361574315,2581.6856918731123
214,68.42365377679828,74.67451570251926,95.14577818662822,5.826254826254826,8.148880536932714,1.3873644515629773,5.3179605961150616,1,906.5293503916031,1.2993484214537936,8.755930388891237,0.21833943246126508,317.77802211471493,900.1614560811709,3.4147374209658743,5,1.6523841809630602,9.43140868921416,3375.1327881184925
215,73.79484610246634,46.264459406654325,92.36298741206521,5.8301158301158305,8.122659404713048,0.4415392255775208,5.109998452673553,1,1004.577862373173,0.0,1.1654751663477287,0.24052675461710327,200.0,1030.1791899819466,2.9030869306135982,0,1.6661502430770734,0.2686654410515691,442.53430535058646
216,66.13587392731215,58.648354445836496,91.28014867156938,5.833976833976834,8.440465681547554,0.1647620912316854,5.10443383727196,0,1069.4959035350457,0.7764523847606578,4.993747181015194,0.14748669367496126,355.81177123949846,1076.608027838469,2.8677425793446947,2,1.4613670277364588,0.020886865313112145,1759.7033500167859
217,68.81590696629996,54.66875231815304,94.91345491972757,5.837837837837838,4.442369267099302,1.3609986041494262,5.311465135758464,1,1100.0,0.0,2.1395429099677004,0.2024727555091581,330.62382570519907,1122.6933223884307,2.0,0,1.7415095905931304,1.4210608920626722,1645.3287284069922
218,67.57318226085448,90.0,98.32737222231289,5.841698841698841,9.038673885070487,1.3090224285622705,5.403244279183277,0,984.8856942105913,1.4400044764727498,0.0,0.12084496056166955,400.0,989.9845923520047,3.3177090151046134,0,1.545019929419753,0.24299998934652497,2174.7656683321243
219,70.40937069693162,66.79362367151865,95.07185032509065,5.845559845559846,8.761617124706742,0.5465190539964186,5.030553166707105,0,975.5588682226307,0.08713508178617624,0.0,0.17690226552896252,239.54098362827673,979.6326249823035,2.380370802573264,2,1.5225612659659253,3.4496313822394025,1702.0837249159158
220,81.57329283336755,48.0812361277885,80.79562884334177,5.8494208494208495,5.5148962911095545,1.9017271245008207,5.510381372955125,0,915.0294579456532,1.2295217652402275,7.716028390604291,0.19753341372425287,200.0,912.2017413243439,3.029966315133164,3,1.5591746833444964,6.14952058224079,2695.671001245558
221,60.66367403704126,35.666893390993614,83.6021151663215,5.853281853281853,7.071684612497156,0.30211578356180047,5.122612928482794,1,916.819137701819,0.5866681747856342,6.343607454069531,0.2304448519090945,265.465066797685,917.311964596014,3.1386884689790957,4,1.641097956631181,1.4229956393030943,1677.5306705338496
222,73.43130095187257,25.90330519613641,86.8759071115216,5.857142857142858,7.492813996173311,0.8646696020852038,5.100101507272394,0,979.3756248140763,0.07291650463670091,0.0,0.2901062105172407,200.0,977.3521108098473,3.6803292979193256,1,1.5833612055775568,0.7484139562382981,1389.8467606546474
223,61.93642064405174,53.051954538008346,90.13045525105417,5.861003861003861,7.314018014208118,1.8872318403351978,5.610217025896599,0,1021.850792299638,1.3494526446988568,0.29012749191876325,0.22013021330967117,382.6065897410902,1036.7365506816177,2.345589800440444,0,1.576161931085613,1.4246850813333636,1133.483429318138
224,67.64034067105283,38.654738820735446,92.58829510234561,5.864864864864865,8.262314527731665,0.8394546338522446,5.249872610263005,0,1079.745145518649,0.0,5.586351376437355,0.24871878323531196,200.0,1091.3584626233248,2.0,2,1.5367810998622873,3.2133893798901485,1824.6836827513227
225,75.44475298483682,28.666194356034886,86.37128093423267,5.8687258687258685,10.468911169839973,1.277051895328171,5.438364564040166,1,898.0219800678066,0.8062418109541722,0.0,0.20125321189904055,323.6144764574222,919.6821049319656,3.0919247723768475,0,1.789089945438553,0.022738499018071526,2378.344380110585
226,70.32140009547732,40.301406736362104,90.9338338223854,5.872586872586872,9.781294073106274,0.7951887959255886,5.260948052184143,1,1100.0,0.6564613077733477,1.0843032276350215,0.22682080627526627,200.0,1149.2688568959522,3.900255590755427,1,1.6171688396161112,2.225668180723695,1835.9781499529117
227,64.61127611035347,33.77677994578407,86.22308533823339,5.876447876447877,5.004905242480818,0.5484304046973401,5.300943164406586,0,933.7025399085595,0.0,0.0,0.1141864432267547,253.17636829879788,972.8876398957432,3.6194731764697186,0,1.4737775931868673,2.3752114446303643,1447.5303941501024
228,66.42348145370016,75.30712452608847,86.94241098504025,5.88030888030888,8.885066621538739,1.9679552959196565,5.6029090390406875,1,1026.951285286999,1.8881755896733212,1.2588344751984342,0.1508783161683694,400.0,997.8632705651564,3.104829707637313,1,1.6632348269659023,2.5381256033829196,2421.4020273226383
229,73.39798874467338,63.224596354241754,82.96669451575889,5.884169884169884,10.310376291580472,0.818668012630086,5.2026598496765,1,954.8809887206668,0.4842572441062577,0.0,0.17237061864102773,361.44189942883565,925.2788320852177,2.7541819071839764,0,1.736073966187867,0.6927525575660041,1364.8075469945456
230,66.34816684141431,49.88041038025074,85.38383376944547,5.8880308880308885,8.43770970547107,1.7881984073582688,5.548689272510709,0,755.6891003333601,0.1764785552547759,0.0,0.1944986710013027,200.0,757.5759739727058,3.403561298318655,0,1.4474929630198927,3.1298695815808415,2012.1702636654861
231,71.08229294790988,72.19916208335039,83.24157697191833,5.891891891891892,9.85763652604761,0.45990921178217237,5.192302566438291,0,1038.4348277425102,0.9968484614422946,7.042559810027629,0.10912974910047675,316.90497015734314,1088.404539636105,2.5132269001477656,3,1.5378747574668743,0.23960238901459,1892.2283517351689
232,70.22785919951907,51.16052461471428,85.12063373511333,5.895752895752896,11.711799578660218,0.4262094080501666,5.13274882944762,1,1067.8834819291985,0.36791420970715405,0.6433570827530002,0.12800481951066353,379.4174286705812,1073.6843897092433,3.2381788846781094,0,1.7685268071998357,0.555579718973496,2489.3768922193694
233,66.74199826197092,37.08073698007605,95.2682089830392,5.899613899613899,9.746260791055661,0.06226816576902272,5.022739618851095,0,970.804559969492,0.0,2.3361196119336407,0.15536286155826115,333.20025937766377,971.8672442881787,3.2527350795833136,1,1.5347601450041999,5.2484994044513025,2141.5875328316765
234,80.71972044662662,72.84686115904486,85.25300555584029,5.903474903474903,8.209041901708167,1.30333365075177,5.320800926444855,1,989.7166072725063,1.8918872572022027,0.0,0.29430653818021013,223.3641239331412,1006.6990717224872,3.53010495374944,0,1.714187551183075,3.355436771613323,2629.4259245710464
235,73.16959511159006,58.08365065526988,100.0,5.9073359073359075,9.81218467017723,0.7370526874475223,5.154825714479162,1,1042.9176916970455,0.4130823194731805,0.0,0.16626940142061014,395.29295369476904,1051.59392177041,4.379830019455539,0,1.6506063329549625,0.034602247147316204,2039.7413632516943
236,59.874287066711965,34.441307685103155,92.46658950440445,5.911196911196911,8.023366399784516,1.728716499679274,5.378354422723812,1,877.541666380189,0.16015992464344536,0.0,0.1964082116224165,200.0,843.7454143113457,3.1962079835893835,0,1.6576574516937317,0.7137985662092019,1298.5650723593142
237,70.93227157384713,47.14491982874588,90.92418061847437,5.915057915057915,7.792979831743655,0.9464198133831143,5.458883618333629,1,964.7393380878718,0.11068829928604873,0.3569533277707795,0.1392195425476786,286.5162120199424,947.0947322653706,2.7455181871462506,0,1.7624809452648333,0.6032894356461816,2.7190403152276303
238,66.69106767615806,36.86572619922865,85.70821109909393,5.918918918918919,7.053928285329293,1.9363868558294435,5.456529733209705,1,1065.8630884490035,0.0,8.857715415627135,0.22215601421515363,325.4494353704915,1079.4264679621826,2.9872128439040027,3,1.7389674501952666,0.7895397856731945,639.4325066645131
239,74.26216667398111,29.25800403553496,93.50154939704495,5.922779922779923,10.895166486003985,0.3710510314062423,5.042024789642282,1,842.98661093843,0.0,0.0,0.15613664310319486,331.6147514055933,874.5710576830751,2.115462047555441,0,1.6980490240311228,0.7110842861428062,2060.1311240934547
240,66.0373963078365,63.892663212974625,87.12181086881112,5.926640926640927,6.143065448038777,1.7372463359112216,5.449333174216447,0,1027.4406839241087,0.018216191303127793,6.82814465336449,0.14139851568768536,305.65802895411633,1029.355793216663,2.652643434455471,4,1.4791045227117054,0.16141642580828675,682.7180227396653
241,69.4263177926655,78.64124960705196,90.6100490732268,5.93050193050193,10.856241240862023,1.5531937055834835,5.555450549369489,0,864.873675335703,1.3127194837042884,2.658213557420259,0.2033145256891958,200.0,864.3418195376595,2.795358780943448,1,1.398709606344431,1.5355651383553388,2131.1845249681905
242,72.52493639490228,29.02148639271288,100.0,5.934362934362935,8.802817050569548,1.541843689288104,5.433058138957228,1,1061.0995546803376,0.0,2.5056852688549673,0.10110115983208418,263.3691706316767,1046.6429982433526,2.7379558010327036,0,1.646457379065778,3.298772241748176,940.6003631202957
243,74.32877597085061,58.444538550358565,89.51970050137675,5.938223938223938,5.016059465067932,1.6895664562337753,5.631644144137506,1,992.0234462266918,1.7565801460986261,1.1035507673997011,0.10153280652984507,373.9446205282447,996.4358517702516,3.076177436016861,1,1.7955709543569862,2.333158164237293,972.259791302011
244,63.99851796472112,40.2403614631726,95.74636663142837,5.942084942084942,8.56155341223767,1.5220479818859978,5.389265332141413,1,851.9807484153297,0.5479648723539713,0.6154993414682073,0.14381376182037156,273.25393304347216,838.486818409449,2.5887900338088996,1,1.6359772214498767,2.793506835757867,649.0362406147811
245,68.32749382079525,42.69311924352956,86.48411787437057,5.945945945945946,3.637784822534589,1.2524406432628308,5.403631609201229,0,1100.0,0.40398811545421565,0.062153715167833745,0.10734427250016423,284.0047750733967,1116.4739354457172,3.5605153336622357,2,1.509473991061054,0.21157874207048738,332.90811768638713
246,67.62527344419522,41.11409113641696,89.82505754751519,5.94980694980695,9.100436883082923,0.26248975536477515,4.995212221283457,1,942.8065020438315,0.8687749219695393,0.20687625861621275,0.12160515082613828,290.37736445173306,926.5408423201951,3.0001035324590983,0,1.7503721986597598,7.5649998915850345,2518.670762668091
247,66.73335383713145,37.04013845480276,98.85400317817755,5.953667953667954,9.631466826981843,0.06505235898250383,5.2340306204720894,0,920.1636684760939,0.0,4.084152080287488,0.1677721298677503,310.5361728770821,918.9747562985619,2.995349839430693,0,1.4372538665998853,4.557998932895723,1617.036441040204
248,78.82727120140548,50.72782441917241,86.86516471106117,5.957528957528957,6.687874961282765,1.8416956956313737,5.433748866786461,1,1020.8183956319042,0.8562711276889954,6.554716923929352,0.2605171359159626,303.79981946991865,1020.0569197230943,2.836052641743541,3,1.7092355237390542,4.088047498720494,1963.5108112407045
249,72.02490855480478,37.535748253834434,99.06224278998465,5.961389961389962,8.13126527608105,1.233300629041476,5.400972259735146,1,1100.0,0.04473280867469675,5.9554420416325735,0.21440972867386016,375.8533286930417,1114.8637349428716,3.0775953419294897,3,1.7468957768755327,4.328785134136827,2118.2715139568354
250,63.69558022832477,54.056852386697585,93.53875967727738,5.9652509652509655,11.80406776325347,1.5930745819523526,5.541300062678916,0,926.8937725637087,0.6829404187222148,6.644164621533971,0.20253354519128328,400.0,898.4178181021603,3.4125491323338175,3,1.5006249660953626,6.746877982990959,4311.863867006611
251,74.58930973527389,49.246428358262946,87.18766612052866,5.969111969111969,6.895842498812034,0.9630447030251001,5.33029332065268,0,996.9450217147216,1.1698162783906991,0.0,0.15869776464162433,211.0518591186741,1006.1679849847972,2.56643489214455,0,1.6434201527833383,1.9645489196250883,838.6482215494165
252,80.61078098506317,46.41577929700385,93.1620386952776,5.972972972972973,5.801103744805717,0.23461637792478895,5.051856147489666,1,1044.3269024596407,0.6954786563944646,2.3739712554797405,0.28635074388656323,200.0,1042.8816500330572,2.670941755462372,2,1.6165700370560903,0.5587403394983677,1810.8624575361068
253,75.16232630275573,36.386545069376034,94.86277224813365,5.976833976833976,10.893828735427126,0.2503715844051009,5.062129405348188,1,1070.9988750566406,0.1387027385311196,1.6465598313554106,0.17940300824743832,400.0,1069.3105607263144,2.8481369856116676,0,1.7529364264941938,2.3978886419939456,2656.5925116739672
254,62.403150170229935,41.34843004147501,93.10904981108598,5.980694980694981,11.867259323146532,1.3711305744579427,5.415720319535294,1,1011.839025206584,0.0,0.4515230462235088,0.1174185533591543,284.2058504758623,1017.6441555277225,2.3270645382633925,0,1.6913599131301766,3.3955454655870887,1764.274399910391
255,67.57882963566874,61.33086838738634,82.14887640054772,5.984555984555985,7.961059297363648,0.8606117897989254,5.243483336776829,0,938.193373338804,0.5169253759709038,0.03522650386731463,0.22341330322356023,265.731312968617,963.2972160916678,2.590371070139251,0,1.5385960077418337,3.3477388309335017,1860.409239158605
256,76.33455574593312,57.51375781436571,86.36431412087566,5.988416988416988,9.988177036067677,0.40104945340067344,5.216702747699693,0,925.6881544096943,0.7367719852155961,0.049267945443500105,0.12276767869532029,226.76075294882673,917.2409779351281,2.7618895632276703,1,1.5220653575849623,1.842481352991788,1734.2746399452906
257,66.4616526719061,35.33667132802174,88.76240682224248,5.992277992277993,10.65978580789574,0.9831890934828738,5.516009028203997,0,1012.5988501709462,0.1315381905341281,2.6070158638695182,0.16904462856033842,277.10740913735754,1008.6143883046375,3.4371945903563637,0,1.4633421901445,0.17728693396759268,1774.310528881443
258,72.21909714073114,51.489984581438385,89.62783285449977,5.996138996138996,6.5034485233402215,0.12841787415026817,4.9827761837442965,0,902.6371363529565,0.0,1.3294054906662198,0.20148238774356175,381.90168433291774,892.7860988014393,3.1312806645009625,0,1.511449819622967,1.159508976890736,1771.7030308507246
259,73.87317026714669,61.27080685057683,93.10336048775339,6.0,7.029388329264263,1.1639428038287976,5.212202543190732,0,698.6950529515142,1.9818953335514478,4.894158325265396,0.27484450493703516,236.0575687748012,707.8649516505393,3.096794955683772,3,1.4071049274300855,6.338393646758166,3166.5579749910225
